"Name","Conf","Campaign","ObtainType","ObtainTypeCN","MasterSkin","PetSkin","PetSkin2","CostLegendaryTrophies","CostGems","CostCoins","TID","ShopTID","Features","CommunityCredit","MaterialsFile","BlueTexture","RedTexture","BlueSpecular","RedSpecular","OutlineShader"
"string","string","int","int","int","string","string","string","int","int","int","string","string","string","string","string","string","string","string","string","string"
"BanditGirlDefault","BanditGirlDefault",,,,,,,,,,,,,,,"shelly_v2_01.pvr","shelly_v2_01.pvr","shelly_v2_01.pvr","shelly_v2_01.pvr",
"GunSlingerDefault","GunSlingerDefault",,,,,,,,,,,,,,,"colt_tex.pvr","colt_tex.pvr","colt_tex.pvr","colt_tex.pvr",
"GunSlingerRockstar","GunSlingerRockstar",,,,,,,,30,,"TID_GUNSLINGER_ROCKSTAR_SKIN","TID_GUNSLINGER_ROCKSTAR_SKIN_SHOP","MODEL",,,"colt_rockstar_tex.pvr","colt_rockstar_tex.pvr","colt_rockstar_tex.pvr","colt_rockstar_tex.pvr",
"BullGuyDefault","BullGuyDefault",,,,,,,,,,,,,,,"bull_tex_01.pvr","bull_tex_01.pvr","bull_tex_01.pvr","bull_tex_01.pvr",
"RocketGirlDefault","RocketGirlDefault",,,,,,,,,,,,,,,"brock_blue_tex.pvr","brock_tex.pvr","brock_blue_tex.pvr","brock_tex.pvr",
"RocketGirlBeach","RocketGirlBeach",,,,,,,,80,,"TID_ROCKET_BEACH_SKIN","TID_ROCKET_BEACH_SKIN_SHOP","MODEL,VFX,SFX",,,"brock_beach_blue_tex.pvr","brock_beach_tex.pvr","brock_beach_blue_tex.pvr","brock_beach_tex.pvr",
"TntGuyDefault","TntGuyDefault",,,,,,,,,,,,,,,"dynamike_blue_tex.pvr","dynamike_tex.pvr","dynamike_blue_tex.pvr","dynamike_tex.pvr",
"LuchadorDefault","LuchadorDefault",,,,,,,,,,,,,,,"primo_tex.pvr","primo_tex.pvr","primo_tex.pvr","primo_tex.pvr",
"TurretDefault","TurretDefault",,,,,,,,,,,,,,,"dogturret.pvr","dogturret.pvr","dogturret.pvr","dogturret.pvr",
"TrickshotDefault","TrickshotDefault",,,,,,,,,,,,,,,"rico_tex.pvr","rico_tex.pvr","rico_tex.pvr","rico_tex.pvr",
"CactusDefault","CactusDefault",,,,,,,,,,,,,,,"spike_tex.pvr","spike_tex.pvr","spike_tex.pvr","spike_tex.pvr",
"CactusPink","CactusPink",,,,,,,,80,,"TID_CACTUS_PINK_SKIN","TID_CACTUS_PINK_SKIN_SHOP","MODEL,VFX",,,"spike_blossom_tex.pvr","spike_blossom_tex.pvr","spike_blossom_tex.pvr","spike_blossom_tex.pvr",
"BarkeepDefault","BarkeepDefault",,,,,,,,,,,,,,,"barley_tex.pvr","barley_tex.pvr","barley_tex.pvr","barley_tex.pvr",
"MechanicDefault","MechanicDefault",,,,,"TurretDefault",,,,,,,,,,"jessie_tex.pvr","jessie_tex.pvr","jessie_tex.pvr","jessie_tex.pvr",
"ShamanDefault","ShamanDefault",,,,,"ShamanBearDefault",,,,,,,,,,"nita_tex.pvr","nita_tex.pvr","nita_tex.pvr","nita_tex.pvr",
"ShamanPanda","ShamanPanda",,,,,"ShamanBearPanda",,,30,,"TID_SHAMAN_PANDA_SKIN","TID_SHAMAN_PANDA_SKIN_SHOP","MODEL,PET",,,"nita_panda_tex.pvr","nita_panda_tex.pvr","nita_panda_tex.pvr","nita_panda_tex.pvr",
"ShamanBearDefault","ShamanBearDefault",,,,,,,,,,,,,,,"nita_bear_tex.pvr","nita_bear_tex.pvr","nita_bear_tex.pvr","nita_bear_tex.pvr",
"ShamanBearPanda","ShamanBearPanda",,,,,,,,,,,,,,,"nita_bear_panda_tex.pvr","nita_bear_panda_tex.pvr","nita_bear_panda_tex.pvr","nita_bear_panda_tex.pvr",
"UndertakerDefault","UndertakerDefault",,,,,,,,,,,,,,,"mortis_v2_tex.pvr","mortis_v2_tex.pvr","mortis_v2_tex.pvr","mortis_v2_tex.pvr",
"CrowDefault","CrowDefault",,,,,,,,,,,,,,,"crow_tex.pvr","crow_tex.pvr","crow_tex.pvr","crow_tex.pvr",
"CrowWhite","CrowWhite",,,,,,,,80,,"TID_CROW_WHITE_SKIN","TID_CROW_WHITE_SKIN_SHOP","MODEL,TEXTURE",,,"crow_white_tex.pvr","crow_white_tex.pvr","crow_white_tex.pvr","crow_white_tex.pvr",
"DeadMariachiDefault","DeadMariachiDefault",,,,,,,,,,,,,,,"poco_tex.pvr","poco_tex.pvr","poco_tex.pvr","poco_tex.pvr",
"BowDudeDefault","BowDudeDefault",,,,,"BowDudeTotemDefault",,,,,,,,,,"bo_tex.pvr","bo_tex.pvr","bo_tex.pvr","bo_tex.pvr",
"SniperDefault","SniperDefault",,,,,,,,,,,,,,,"piper_tex.pvr","piper_tex.pvr","piper_tex.pvr","piper_tex.pvr",
"MinigunDudeDefault","MinigunDudeDefault",,,,,"HealstationDefault",,,,,,,,,,,,,,
"BullGuyHair","BullGuyHair",,,,,,,,80,,"TID_BULL_HAIR_SKIN","TID_BULL_HAIR_SKIN_SHOP","MODEL",,,"bull_viking_tex.pvr","bull_viking_tex.pvr","bull_viking_tex.pvr","bull_viking_tex.pvr",
"TrickshotGold","TrickshotGold",,,,,,,,150,,"TID_TRICKSHOT_GOLD_SKIN","TID_TRICKSHOT_GOLD_SKIN_SHOP","MODEL,VFX",,,"rico_gold_tex.pvr","rico_gold_tex.pvr","rico_gold_tex.pvr","rico_gold_tex.pvr",
"BarkeepGold","BarkeepGold",,,,,,,,30,,"TID_BARKEEP_GOLD_SKIN","TID_BARKEEP_GOLD_SKIN_SHOP","MODEL,VFX",,,"barley_banker_tex.pvr","barley_banker_tex.pvr","barley_banker_tex.pvr","barley_banker_tex.pvr",
"LuchadorRudo","LuchadorRudo",,,,,,,,80,,"TID_LUCHADOR_RUDO_SKIN","TID_LUCHADOR_RUDO_SKIN_SHOP","MODEL,ANIM",,,"primo_elrudo_tex.pvr","primo_elrudo_tex.pvr","primo_elrudo_tex.pvr","primo_elrudo_tex.pvr",
"BanditGirlBandita","BanditGirlBandita",,,4,,,,,30,,"TID_SHOTGUN_BANDITA_SKIN","TID_SHOTGUN_BANDITA_SKIN_SHOP","MODEL",,,"shelly_bandita_tex.pvr","shelly_bandita_tex.pvr","shelly_bandita_tex.pvr","shelly_bandita_tex.pvr",
"LuchadorRey","LuchadorRey",,,,,,,,150,,"TID_LUCHADOR_KING_SKIN","TID_LUCHADOR_KING_SKIN_SHOP","MODEL,VFX,ANIM",,,"primo_elrey_tex.pvr","primo_elrey_tex.pvr","primo_elrey_tex.pvr","primo_elrey_tex.pvr",
"BallDefault","BallDefault",,,,,,,,,,,,,,,,,,,
"BlackholeDefault","BlackholeDefault",,,,,,,,,,,,,,,"tara_tex.pvr","tara_tex.pvr","tara_tex.pvr","tara_tex.pvr",
"HealstationDefault","HealstationDefault",,,,,,,,,,,,,,,"pam_turret_blue_tex.pvr","pam_turret_red_tex.pvr","pam_turret_blue_tex.pvr","pam_turret_red_tex.pvr",
"BarrelbotDefault","BarrelbotDefault",,,,,,,,,,,,,,,"darryl_tex.pvr","darryl_tex.pvr","darryl_tex.pvr","darryl_tex.pvr+value(masks/darryl/darryl_msk.png,0.698000)",
"BlackholePetDefault","BlackholePetDefault",,,,,,,,,,,,,,,"ninja_ability_tex.pvr","ninja_ability_tex.pvr","ninja_ability_tex.pvr","ninja_ability_tex.pvr",
"TntPetDefault","TntPetDefault",,,,,,,,,,,,,,,"nita_bear_tex.pvr","nita_bear_tex.pvr","nita_bear_tex.pvr","nita_bear_tex.pvr",
"RangedBotDefault","RangedBotDefault",,,,,,,,,,,,,,,"rangedbot_tex.pvr","rangedbot_tex.pvr","rangedbot_tex.pvr","rangedbot_tex.pvr",
"MeleeFastBotDefault","MeleeFastBotDefault",,,,,,,,,,,,,,,"fastmeleebot_tex.pvr","fastmeleebot_tex.pvr","fastmeleebot_tex.pvr","fastmeleebot_tex.pvr",
"MeleeBotDefault","MeleeBotDefault",,,,,,,,,,,,,,,"meleebot_tex.pvr","meleebot_tex.pvr","meleebot_tex.pvr","meleebot_tex.pvr",
"BossBotDefault","BossBotDefault",,,,,,,,,,,,,,,"bossbot_tex.pvr","bossbot_tex.pvr","bossbot_tex.pvr","bossbot_tex.pvr",
"ArtilleryGalDefault","ArtilleryGalDefault",,,,,"ArtilleryTurretDefault",,,,,,,,,,"mari_tex.pvr","mari_tex.pvr","mari_tex.pvr","mari_tex.pvr",
"FrankDefault","FrankDefault",,,,,,,,,,,,,,,"frank_tex.pvr","frank_tex.pvr","frank_tex.pvr","frank_tex.pvr",
"ArtilleryTurretDefault","ArtilleryTurretDefault",,,,,,,,,,,,,,,"mari_tex.pvr","mari_tex.pvr","mari_tex.pvr","mari_tex.pvr",
"MechanicKnight","MechanicKnight",,,,,"TurretDragon",,,150,,"TID_MECHANIC_KNIGHT_SKIN","TID_MECHANIC_KNIGHT_SKIN_SHOP","MODEL,TURRET,VFX,ANIM",,,"jessie_knight_tex.pvr","jessie_knight_tex.pvr","jessie_knight_tex.pvr","jessie_knight_tex.pvr",
"FrankCaveman","FrankCaveman",9,4,4,,,,,80,,"TID_FRANK_CAVEMAN_SKIN","TID_FRANK_CAVEMAN_SKIN_SHOP","MODEL",,,"frank_caveman_01.pvr","frank_caveman_01.pvr","frank_caveman_01.pvr","frank_caveman_01.pvr",
"TurretDragon","TurretDragon",,,,,,,,,,,,,,,"turret_dragon_tex.pvr","turret_dragon_tex.pvr","turret_dragon_tex.pvr","turret_dragon_tex.pvr",
"MechanicSummer","MechanicSummer",,,,,"TurretSummertime",,,80,,"TID_MECHANIC_SUMMER_SKIN","TID_MECHANIC_SUMMER_SKIN_SHOP","MODEL,TURRET,VFX",,,"jessie_summertime_tex.pvr","jessie_summertime_tex.pvr","jessie_summertime_tex.pvr","jessie_summertime_tex.pvr",
"TurretSummertime","TurretSummertime",,,,,,,,,,,,,,,"turret_summertime_tex.pvr","turret_summertime_tex.pvr","turret_summertime_tex.pvr","turret_summertime_tex.pvr",
"CrowPheonix","CrowPheonix",,,,,,,,300,,"TID_CROW_PHEONIX_SKIN","TID_CROW_PHEONIX_SKIN_SHOP","MODEL,VFX,ANIM",,,"crow_pheonix_tex.pvr","crow_pheonix_tex.pvr","crow_pheonix_tex.pvr","crow_pheonix_tex.pvr",
"UndertakerGreaser","UndertakerGreaser",9,4,4,,,,,150,,"TID_UNDERTAKER_GREASER_SKIN","TID_UNDERTAKER_GREASER_SKIN_SHOP","MODEL,ANIM",,,"mortis_greaser_tex_02.pvr","mortis_greaser_tex_02.pvr","mortis_greaser_tex_02.pvr","mortis_greaser_tex_02.pvr",
"BigBotDefault","BigBotDefault",,,,,,,,,,,,,,,"meleebot_tex.pvr","meleebot_tex.pvr","meleebot_tex.pvr","meleebot_tex.pvr",
"BanditGirlPrereg","BanditGirlPrereg",,1,3,,,,,,,"TID_SHOTGUN_STAR_SKIN","TID_SHOTGUN_STAR_SKIN_SHOP","MODEL,VFX",,,"shelly_prereg_01.pvr","shelly_prereg_01.pvr","shelly_prereg_01.pvr","shelly_prereg_01.pvr",
"LootBox","LootBox",,,,,,,,,,,,,,,,,,,
"TntBox","TntBox",,,,,,,,,,,,,,,,,,,
"Safe","Safe",,,,,,,,,,,,,,,,,,,
"TntGuySanta","TntGuySanta",1,4,4,,,,,80,,"TID_DYNAMIKE_SANTA_SKIN","TID_DYNAMIKE_SANTA_SKIN_SHOP","MODEL,VFX",,,"dynamike_santa_blue_tex.pvr","dynamike_santa_tex.pvr","dynamike_santa_blue_tex.pvr","dynamike_santa_tex.pvr",
"TntGuyChef","TntGuyChef",9,4,4,,,,,150,,"TID_DYNAMIKE_CHEF_SKIN","TID_DYNAMIKE_CHEF_SKIN_SHOP","MODEL,VFX",,,"dynamike_chef_blue_tex.pvr","dynamike_chef_tex.pvr","dynamike_chef_blue_tex.pvr","dynamike_chef_tex.pvr",
"RocketGirlBoombox","RocketGirlBoombox",9,4,4,,,,,80,,"TID_BROCK_BOOMBOX_SKIN","TID_BROCK_BOOMBOX_SKIN_SHOP","MODEL",,,"brock_boombox_blue_tex.pvr","brock_boombox_tex.pvr","brock_boombox_blue_tex.pvr","brock_boombox_tex.pvr",
"BarkeepWizard","BarkeepWizard",,2,4,,,,,,,"TID_BARLEY_WIZARD_SKIN","TID_BARLEY_WIZARD_SKIN_SHOP","MODEL,VFX,ANIM,SFX",,,"barley_wizard_tex.pvr","barley_wizard_tex.pvr","barley_wizard_tex.pvr","barley_wizard_tex.pvr",
"ShamanReindeer","ShamanReindeer",1,4,4,,"ShamanBearReindeer",,,150,,"TID_NITA_REINDEER_SKIN","TID_NITA_REINDEER_SKIN_SHOP","MODEL,PET",,,"nita_reindeer_tex.pvr","nita_reindeer_tex.pvr","nita_reindeer_tex.pvr","nita_reindeer_tex.pvr",
"ArtilleryGalElf","ArtilleryGalElf",1,4,4,,"ArtilleryTurretElf",,,80,,"TID_PENNY_ELF_SKIN","TID_PENNY_ELF_SKIN_SHOP","MODEL,TURRET,VFX",,,"penny_elf_tex.pvr","penny_elf_tex.pvr","penny_elf_tex.pvr","penny_elf_tex.pvr",
"NinjaDefault","NinjaDefault",,,,,,,,,,,,,,,"leon_tex.pvr","leon_tex.pvr","leon_tex.pvr","leon_tex.pvr",
"UndertakerHat","UndertakerHat",,5,5,,,,,,,"TID_UNDERTAKER_HAT_SKIN","TID_UNDERTAKER_HAT_SKIN_SHOP","MODEL",,,"mortis_v2_tex.pvr","mortis_v2_tex.pvr","mortis_v2_tex.pvr","mortis_v2_tex.pvr",
"BullGuyFootbull","BullGuyFootbull",9,4,4,,,,,80,,"TID_SKIN_FOOTBULL","TID_SKIN_FOOTBULL_SHOP","MODEL",,,"bull_footbull_tex.png","bull_footbull_tex.png","bull_footbull_tex.png","bull_footbull_tex.png",
"ShamanBearReindeer","ShamanBearReindeer",,,,,,,,,,,,,,,"nita_bear_reindeer_tex.pvr","nita_bear_reindeer_tex.pvr","nita_bear_reindeer_tex.pvr","nita_bear_reindeer_tex.pvr",
"ArtilleryTurretElf","ArtilleryTurretElf",,,,,,,,,,,,,,,"penny_elf_tex.pvr","penny_elf_tex.pvr","penny_elf_tex.pvr","penny_elf_tex.pvr",
"HookDefault","HookDefault",,,,,,,,,,,,,,,"gene_tex.pvr","gene_tex.pvr","gene_tex.pvr","gene_tex.pvr",
"TrickshotPopcorn","TrickshotPopcorn",,,,,,,,150,,"TID_SKIN_POPCORN_RICO","TID_SKIN_POPCORN_RICO_SHOP","MODEL,VFX",,,"rico_popcorn_tex.pvr","rico_popcorn_tex.pvr","rico_popcorn_tex.pvr","rico_popcorn_tex.pvr",
"GunSlingerHanbok","GunSlingerHanbok",2,4,4,,,,,150,,"TID_SKIN_LUNAR_COLT","TID_SKIN_LUNAR_COLT_SHOP","MODEL,VFX",,,"colt_hanbok_tex.pvr","colt_hanbok_tex.pvr","colt_hanbok_tex.pvr","colt_hanbok_tex.pvr",
"BarrelbotCny","BarrelbotCny",2,4,4,,,,,80,,"TID_SKIN_DUMPLING_DARRYL","TID_SKIN_DUMPLING_DARRYL_SHOP","MODEL,VFX",,,"darryl_cny_tex.pvr","darryl_cny_tex.pvr","darryl_cny_tex.pvr","darryl_cny_tex.pvr",
"PocoValentine","PocoValentine",,,,,,,,150,,"TID_SKIN_VALENTINE_POCO","TID_SKIN_VALENTINE_POCO_SHOP","MODEL,VFX",,,"poco_valentine_tex.pvr","poco_valentine_tex.pvr","poco_valentine_tex.pvr","poco_valentine_tex.pvr",
"RocketGirlCny","RocketGirlCny",2,4,4,,,,,150,,"TID_SKIN_LUNAR_BROCK","TID_SKIN_LUNAR_BROCK_SHOP","MODEL,VFX",,,"brock_cny_tex.pvr","brock_cny_tex.pvr","brock_cny_tex.pvr","brock_cny_tex.pvr",
"WhirlwindDefault","WhirlwindDefault",,,,,,,,,,,,,,,"carl_tex.pvr","carl_tex.pvr","carl_tex.pvr","carl_tex.pvr",
"RoboWarsBox","RoboWarsBox",,,,,,,,,,,,,,,,,,,
"UndertakerNightwitch","UndertakerNightwitch",,,,,,,,150,,"TID_UNDERTAKER_NIGHTWITCH_SKIN","TID_UNDERTAKER_NIGHTWITCH_SKIN_SHOP","MODEL,VFX",,,"mortis_nightwitch_tex.pvr","mortis_nightwitch_tex.pvr","mortis_nightwitch_tex.pvr","mortis_nightwitch_tex.pvr",
"RoboWarsBaseDefault","RoboWarsBaseDefault",,,,,,,,,,,,,,,"siege_base.pvr","siege_base_red.pvr",,,
"RosaDefault","RosaDefault",,,,,,,,,,,,,,,,,,,
"MineCart","MineCart",,,,,,,,,,,,,,,,,,,
"ShamanShiba","ShamanShiba",,,,,"ShamanBearShiba",,,150,,"TID_SHAMAN_SHIBA_SKIN","TID_SHAMAN_SHIBA_SKIN_SHOP","MODEL,PET,VFX,ANIM,SFX",,,"nita_shiba_tex.pvr","nita_shiba_tex.pvr","nita_shiba_tex.pvr","nita_shiba_tex.pvr",
"ShamanBearShiba","ShamanBearShiba",,,,,,,,,,,,,,,"nita_bear_shiba_tex.pvr","nita_bear_shiba_tex.pvr","nita_bear_shiba_tex.pvr","nita_bear_shiba_tex.pvr",
"BaseballDefault","BaseballDefault",,,,,,,,,,,,,,,"bibi_tex.pvr","bibi_tex.pvr","bibi_tex.pvr","bibi_tex.pvr",
"MineCartB","MineCartB",,,,,,,,,,,,,,,,,,,
"MineCartC","MineCartC",,,,,,,,,,,,,,,,,,,
"MineCartD","MineCartD",,,,,,,,,,,,,,,,,,,
"MineCartE","MineCartE",,,,,,,,,,,,,,,,,,,
"ClusterBombDefault","ClusterBombDefault",,,,,"ClusterBombPetDefault",,,,,,,,,,"tick_tex.pvr","tick_tex.pvr","tick_tex.pvr","tick_tex.pvr",
"ClusterBombPetDefault","ClusterBombPetDefault",,,,,,,,,,,,,,,"tick_tex.pvr","tick_tex.pvr","tick_tex.pvr","tick_tex.pvr",
"ArtilleryGalBunny","ArtilleryGalBunny",,,,,"ArtilleryTurretBunny",,,80,,"TID_PENNY_BUNNY_SKIN","TID_PENNY_BUNNY_SKIN_SHOP","MODEL,TURRET,VFX",,,"penny_bunny_tex.pvr","penny_bunny_tex.pvr","penny_bunny_tex.pvr","penny_bunny_tex.pvr",
"ArtilleryTurretBunny","ArtilleryTurretBunny",,,,,,,,,,,,,,,"penny_bunny_tex.pvr","penny_bunny_tex.pvr","penny_bunny_tex.pvr","penny_bunny_tex.pvr",
"BarkeepMs","BarkeepMs",,,,,,,,150,,"TID_BARLEY_MS_SKIN","TID_BARLEY_MS_SKIN_SHOP","MODEL,VFX,ANIM",,,"barley_ms_tex.pvr","barley_ms_tex.pvr","barley_ms_tex.pvr","barley_ms_tex.pvr",
"RocketGirlHotrod","RocketGirlHotrod",,,,,,,,150,,"TID_BROCK_HOTROD_SKIN","TID_BROCK_HOTROD_SKIN_SHOP","MODEL,VFX",,,"brock_hotrod_tex.pvr","brock_hotrod_tex.pvr","brock_hotrod_tex.pvr","brock_hotrod_tex.pvr",
"BarkeepMaple","BarkeepLumberjack",,,,,,,,80,,"TID_BARLEY_MAPLE_SKIN","TID_BARLEY_MAPLE_SKIN_SHOP","MODEL,VFX",,,"barley_lumberjack_tex.pvr","barley_lumberjack_tex.pvr","barley_lumberjack_tex.pvr","barley_lumberjack_tex.pvr",
"WhirlwindRR","WhirlwindHotrod",,,,,,,,80,,"TID_CARL_RR_SKIN","TID_CARL_RR_SKIN_SHOP","MODEL,VFX",,,"carl_hotrod_tex.pvr","carl_hotrod_tex.pvr","carl_hotrod_tex.pvr","carl_hotrod_tex.pvr",
"BoMecha","BoMecha",,,,,,,,300,,"TID_BO_MECHA_SKIN","TID_BO_MECHA_SKIN_SHOP","MODEL,VFX,ANIM,SFX,VOICE",,,"bo_mecha_tex.png+hue(masks/bo/bo_mecha_ammo_msk.png,205.115997)","bo_mecha_tex.png","bo_mecha_tex.png+hue(masks/bo/bo_mecha_ammo_msk.png,205.115997)","bo_mecha_tex.png",
"CrowMecha","CrowMecha",,,,,,,,300,,"TID_CROW_MECHA_SKIN","TID_CROW_MECHA_SKIN_SHOP","MODEL,VFX,ANIM,SFX,VOICE",,,"crow_mecha_tex.png","crow_mecha_tex.png","crow_mecha_tex.png","crow_mecha_tex.png",
"Cactusmecha","Cactusmecha",,,,,,,,150,,"TID_SPIKE_ROBO_SKIN","TID_SPIKE_ROBO_SKIN_SHOP","MODEL,VFX,ANIM,SFX",,,"spike_mecha_tex.pvr","spike_mecha_tex.pvr","spike_mecha_tex.pvr","spike_mecha_tex.pvr",
"TntDudeMecha","TntDudeMecha",,,,,,,,300,,"TID_MIKE_ROBO_SKIN","TID_MIKE_ROBO_SKIN_SHOP","MODEL,VFX,ANIM,SFX,VOICE",,,"dynamike_mecha_tex.pvr+hue(masks/dynamike/dynamike_mecha_ammo_msk.png,198.000000)+value(masks/dynamike/dynamike_mecha_ammo_msk.png,1.279000)","dynamike_mecha_tex.pvr","dynamike_mecha_tex.pvr+hue(masks/dynamike/dynamike_mecha_ammo_msk.png,198.000000)","dynamike_mecha_tex.pvr",
"BowDudeMechaWhite","BoMecha",,,,,"BowDudeTotemDefault",,10000,,,"TID_BO_MECHA_LIGHT_SKIN","TID_BO_MECHA_LIGHT_SKIN_SHOP","MODEL,VFX,ANIM,SFX,VOICE",,,"bo_mecha_tex.png+saturation(masks/bo/bo_mecha_colour02_msk.png,0.000000)+saturation(masks/bo/bo_mecha_colour01_msk.png,2.674000)+value(masks/bo/bo_mecha_colour01_msk.png,2.442000)+hue(masks/bo/bo_mecha_colour01_msk.png,12.558000)+saturation(masks/bo/bo_mecha_seams_msk.png,0.000000)+hue(masks/bo/bo_mecha_eyesvisor_msk.png,20.930000)+value(masks/bo/bo_mecha_colour02_msk.png,0.800000)+hue(masks/bo/bo_mecha_ammo_msk.png,205.115997)","bo_mecha_tex.png+saturation(masks/bo/bo_mecha_colour02_msk.png,0.000000)+saturation(masks/bo/bo_mecha_colour01_msk.png,2.674000)+value(masks/bo/bo_mecha_colour01_msk.png,2.442000)+hue(masks/bo/bo_mecha_colour01_msk.png,12.558000)+saturation(masks/bo/bo_mecha_seams_msk.png,0.000000)+hue(masks/bo/bo_mecha_eyesvisor_msk.png,20.930000)+value(masks/bo/bo_mecha_colour02_msk.png,0.800000)","bo_mecha_tex.png+saturation(masks/bo/bo_mecha_colour02_msk.png,0.000000)+saturation(masks/bo/bo_mecha_colour01_msk.png,5.349000)+hue(masks/bo/bo_mecha_eyesvisor_msk.png,20.930000)+hue(masks/bo/bo_mecha_ammo_msk.png,205.115997)","bo_mecha_tex.png+saturation(masks/bo/bo_mecha_colour02_msk.png,0.000000)+saturation(masks/bo/bo_mecha_colour01_msk.png,5.349000)+hue(masks/bo/bo_mecha_eyesvisor_msk.png,20.930000)+hue(masks/bo/bo_mecha_colour02_msk.png,0.000000)",
"BowDudeMechaGold","BoMecha",,,,,"BowDudeTotemDefault",,50000,,,"TID_BO_MECHA_GOLD_SKIN","TID_BO_MECHA_GOLD_SKIN_SHOP","MODEL,VFX,ANIM,SFX,VOICE",,,"bo_mecha_tex.png+value(masks/bo/bo_mecha_colour01_msk.png,1.047000)+saturation(masks/bo/bo_mecha_colour01_msk.png,8.721000)+hue(masks/bo/bo_mecha_colour01_msk.png,12.558000)+hue(masks/bo/bo_mecha_colour02_msk.png,16.000000)+value(masks/bo/bo_mecha_colour02_msk.png,3.605000)+hue(masks/bo/bo_mecha_eyesvisor_msk.png,213.488007)+hue(masks/bo/bo_mecha_ammo_msk.png,205.115997)","bo_mecha_tex.png+value(masks/bo/bo_mecha_colour01_msk.png,1.047000)+saturation(masks/bo/bo_mecha_colour01_msk.png,8.721000)+hue(masks/bo/bo_mecha_colour01_msk.png,12.558000)+hue(masks/bo/bo_mecha_colour02_msk.png,16.000000)+value(masks/bo/bo_mecha_colour02_msk.png,3.605000)+hue(masks/bo/bo_mecha_eyesvisor_msk.png,213.488007)","bo_mecha_tex.png+hue(masks/bo/bo_mecha_colour01_msk.png,12.558000)+hue(masks/bo/bo_mecha_colour01_msk.png,1.047000)+hue(masks/bo/bo_mecha_eyesvisor_msk.png,221.860001)+hue(masks/bo/bo_mecha_colour02_msk.png,8.372000)+hue(masks/bo/bo_mecha_ammo_msk.png,205.115997)","bo_mecha_tex.png+hue(masks/bo/bo_mecha_colour01_msk.png,12.558000)+hue(masks/bo/bo_mecha_colour01_msk.png,1.047000)+hue(masks/bo/bo_mecha_eyesvisor_msk.png,221.860001)+hue(masks/bo/bo_mecha_colour02_msk.png,8.372000)",
"CrowMechaGold","CrowMecha",,,,,,,50000,,,"TID_CROW_MECHA_GOLD_SKIN","TID_CROW_MECHA_GOLD_SKIN_SHOP","MODEL,VFX,ANIM,SFX,VOICE",,,"crow_mechagold_tex.png","crow_mechagold_tex.png","crow_mechagold_tex.png","crow_mechagold_tex.png",
"CrowMechaNight","CrowMecha",,,,,,,10000,,,"TID_CROW_MECHA_NIGHT_SKIN","TID_CROW_MECHA_NIGHT_SKIN_SHOP","MODEL,VFX,ANIM,SFX,VOICE",,,"crow_mecha_tex.png+saturation(masks/crow/crow_mecha_colour01_msk.png,0.000000)+value(masks/crow/crow_mecha_colour01_msk.png,0.200000)+value(masks/crow/crow_mecha_colour02_msk.png,0.500000)+saturation(masks/crow/crow_mecha_colour02_msk.png,2.093000)+hue(masks/crow/crow_mecha_colour03_msk.png,209.302002)+value(masks/crow/crow_mecha_colour03_msk.png,1.400000)","crow_mecha_tex.png+saturation(masks/crow/crow_mecha_colour01_msk.png,0.000000)+value(masks/crow/crow_mecha_colour01_msk.png,0.200000)+value(masks/crow/crow_mecha_colour02_msk.png,0.500000)+saturation(masks/crow/crow_mecha_colour02_msk.png,2.093000)+hue(masks/crow/crow_mecha_colour03_msk.png,209.302002)+value(masks/crow/crow_mecha_colour03_msk.png,1.400000)","crow_mecha_tex.png+saturation(masks/crow/crow_mecha_colour01_msk.png,1.047000)+value(masks/crow/crow_mecha_colour01_msk.png,0.233000)+value(masks/crow/crow_mecha_colour02_msk.png,0.814000)+hue(masks/crow/crow_mecha_colour03_msk.png,209.302002)","crow_mecha_tex.png+saturation(masks/crow/crow_mecha_colour01_msk.png,1.047000)+value(masks/crow/crow_mecha_colour01_msk.png,0.233000)+value(masks/crow/crow_mecha_colour02_msk.png,0.814000)+hue(masks/crow/crow_mecha_colour03_msk.png,209.302002)",
"BullDudeFootbullBlue","BullGuyFootbull",,,,,,,2500,,,"TID_BULL_LINEBACKER_SKIN","TID_BULL_LINEBACKER_SKIN_SHOP","MODEL",,,"bull_footbull_tex.png+hue(masks/bull/bull_footbull_colour01_msk.png,217.673996)+value(masks/bull/bull_footbull_colour01_msk.png,1.744000)+saturation(masks/bull/bull_footbull_colour01_msk.png,2.558000)+value(masks/bull/bull_footbull_helmet_msk.png,0.465000)+value(masks/bull/bull_footbull_metal_msk.png,0.233000)","bull_footbull_tex.png+hue(masks/bull/bull_footbull_colour01_msk.png,217.673996)+value(masks/bull/bull_footbull_colour01_msk.png,1.744000)+saturation(masks/bull/bull_footbull_colour01_msk.png,2.558000)+value(masks/bull/bull_footbull_helmet_msk.png,0.465000)+value(masks/bull/bull_footbull_metal_msk.png,0.233000)","bull_footbull_tex.png+hue(masks/bull/bull_footbull_colour01_msk.png,217.673996)","bull_footbull_tex.png+hue(masks/bull/bull_footbull_colour01_msk.png,217.673996)",
"GunslingerOutlaw","GunSlingerRockstar",,,,,,,500,,,"TID_COLT_OUTLAW_SKIN","TID_COLT_OUTLAW_SKIN_SHOP","MODEL",,,"colt_outlaw_tex.pvr","colt_outlaw_tex.pvr","colt_outlaw_tex.pvr","colt_outlaw_tex.pvr",
"WhirlwindHogrider","WhirlwindHogrider",,,,,,,,80,,"TID_CARL_HOG_RIDER_SKIN","TID_CARL_HOG_RIDER_SKIN_SHOP","MODEL",,,"carl_hogrider_tex.pvr","carl_hogrider_tex.pvr","carl_hogrider_tex.pvr","carl_hogrider_tex.pvr",
"BallBeach","BallBeach",,,,,,,,,,,,,,,,,,,
"ArcadeDefault","ArcadeDefault",,,,,"DamageBoosterDefault",,,,,,,,,,"8bit_tex.pvr","8bit_tex.pvr+hue(masks/8bit/8bit_msk.png,138.000000)+saturation(masks/8bit/8bit_msk.png,3.000000)+hue(masks/8bit/8bit_light_msk.png,146.000000)","8bit_tex.pvr","8bit_tex.pvr+hue(masks/8bit/8bit_msk.png,138.000000)+saturation(masks/8bit/8bit_msk.png,3.000000)+hue(masks/8bit/8bit_light_msk.png,146.000000)",
"DamageBoosterDefault","DamageBoosterDefault",,,,,,,,,,,,,,,"8bit_tex.pvr","8bit_tex.pvr+hue(masks/8bit/8bit_msk.png,138.000000)+saturation(masks/8bit/8bit_msk.png,3.000000)+hue(masks/8bit/8bit_light_msk.png,146.000000)","8bit_tex.pvr","8bit_tex.pvr+hue(masks/8bit/8bit_msk.png,138.000000)+saturation(masks/8bit/8bit_msk.png,3.000000)+hue(masks/8bit/8bit_light_msk.png,146.000000)",
"SniperPink","SniperPink",,,,,,,500,,,"TID_PIPER_PINK_SKIN","TID_PIPER_PINK_SKIN_SHOP","MODEL",,,"piper_pink_tex.pvr","piper_pink_tex.pvr","piper_pink_tex.pvr","piper_pink_tex.pvr",
"ArcadeClassic","ArcadeClassic",,,,,"DamageBoosterDefault",,,30,,"TID_8BIT_CLASSIC_SKIN","TID_8BIT_CLASSIC_SKIN_SHOP","MODEL",,,"8bit_classic_tex.pvr","8bit_classic_tex.pvr+hue(masks/8bit/8bit_msk.png,138.000000)+saturation(masks/8bit/8bit_msk.png,3.000000)+hue(masks/8bit/8bit_light_msk.png,146.000000)","8bit_classic_tex.pvr","8bit_classic_tex.pvr+hue(masks/8bit/8bit_msk.png,138.000000)+saturation(masks/8bit/8bit_msk.png,3.000000)+hue(masks/8bit/8bit_light_msk.png,146.000000)",
"NinjaShark","NinjaShark",,,,,,,,80,,"TID_LEON_SHARK_SKIN","TID_LEON_SHARK_SKIN_SHOP","MODEL",,,"shark_leon_tex.pvr","shark_leon_tex.pvr","shark_leon_tex.pvr","shark_leon_tex.pvr",
"BlackHoleBlue","BlackHoleBlue",,,,,,,500,,,"TID_TARA_BLUE_SKIN","TID_TARA_BLUE_SKIN_SHOP","MODEL",,,"tara_blue_tex.pvr","tara_blue_tex.pvr","tara_blue_tex.pvr","tara_blue_tex.pvr",
"LootBoxMoonFestival","LootBoxMoonFestival",,,,,,,,,,,,,,,,,,,
"SandstormDefault","SandstormDefault",,,,,,,,,,,,,,,"sandy_tex.pvr","sandy_tex.pvr","sandy_tex.pvr","sandy_tex.pvr",
"BeeSniperDefault","BeeSniperDefault",,,,,"BeeSniperSlowPotDefault",,,,,,,,,,"bea_tex.pvr","bea_tex.pvr","bea_tex.pvr","bea_tex.pvr",
"BossRaceBossDefault","BossRaceBossDefault",,,,,,,,,,,,,,,"bossbot_tex.pvr","bossbot_tex.pvr","bossbot_tex.pvr","bossbot_tex.pvr",
"BarkeepWizardRed","BarkeepWizardRed",,,4,,,,2500,,,"TID_BARLEY_RED_WIZARD_SKIN","TID_BARLEY_RED_WIZARD_SKIN_SHOP","MODEL",,,"barley_wizard_tex.pvr+hue(masks/barley/coat_msk.png,133.953003)+value(masks/barley/coat_msk.png,0.698000)","barley_wizard_tex.pvr+hue(masks/barley/coat_msk.png,133.953003)+value(masks/barley/coat_msk.png,0.698000)","barley_wizard_tex.pvr+hue(masks/barley/coat_msk.png,133.953003)+value(masks/barley/coat_msk.png,0.698000)","barley_wizard_tex.pvr+hue(masks/barley/coat_msk.png,133.953003)+value(masks/barley/coat_msk.png,0.698000)",
"HookPirate","HookPirate",,,,,,,,80,,"TID_GENE_PIRATE_SKIN","TID_GENE_PIRATE_SKIN_SHOP","MODEL",,,"gene_pirate_tex.pvr","gene_pirate_tex.pvr","gene_pirate_tex.pvr","gene_pirate_tex.pvr",
"Sandstormsleepy","Sandstormsleepy",,,,,,,,30,,"TID_SANDY_SLEEPY_SKIN","TID_SANDY_SLEEPY_SKIN_SHOP","MODEL",,,"sleepy_sandy_tex.pvr","sleepy_sandy_tex.pvr","sleepy_sandy_tex.pvr","sleepy_sandy_tex.pvr",
"MummyDefault","MummyDefault",,,,,,,,,,,,,,,"emz_tex.pvr","emz_tex.pvr","emz_tex.pvr","emz_tex.pvr",
"Sniperrose","Sniperrose",3,4,4,,,,,80,,"TID_PIPER_CALAVERA_SKIN","TID_PIPER_CALAVERA_SKIN_SHOP","MODEL",,,"piper_rose_tex.pvr","piper_rose_tex.pvr","piper_rose_tex.pvr","piper_rose_tex.pvr",
"SpawnerDudeDefault","SpawnerDudeDefault",,,,,"SpawnerDudeTurretDefault","SpawnerPetDefault",,150,,"TID_BROCK_HOTROD_SKIN","TID_BROCK_HOTROD_SKIN_SHOP","MODEL,VFX",,,"mrp_tex.pvr","mrp_tex.pvr","mrp_tex.pvr","mrp_tex.pvr",
"ShotgunGirlWitch","ShotgunGirlWitch",3,4,4,,,,,150,,"TID_SHELLY_WITCH_SKIN","TID_SHELLY_WITCH_SKIN_SHOP","MODEL,VFX,ANIM,SFX",,,"shelly_witch_tex.pvr","shelly_witch_tex.pvr","shelly_witch_tex.pvr","shelly_witch_tex.pvr",
"MechanicKnightDark","MechanicKnightDark",,,,,"TurretDragonDark",,10000,,,"TID_JESSIE_DARK_KNIGHT_SKIN","TID_JESSIE_DARK_KNIGHT_SKIN_SHOP","MODEL,TURRET,VFX,ANIM",,,"jessie_knight_tex.pvr+hue(masks/jessie/jessie_knight_plume_msk.png,117.209000)+value(masks/jessie/jessie_knight_plume_msk.png,0.600000)+saturation(masks/jessie/jessie_knight_gold_msk.png,0.200000)+value(masks/jessie/jessie_knight_gold_msk.png,0.581000)+value(masks/jessie/jessie_knight_metal_msk.png,0.000000)+hue(masks/jessie/jessie_knight_fabric_msk.png,125.581001)+value(masks/jessie/jessie_knight_fabric_msk.png,0.600000)","jessie_knight_tex.pvr+hue(masks/jessie/jessie_knight_plume_msk.png,117.209000)+value(masks/jessie/jessie_knight_plume_msk.png,0.600000)+saturation(masks/jessie/jessie_knight_gold_msk.png,0.200000)+value(masks/jessie/jessie_knight_gold_msk.png,0.581000)+value(masks/jessie/jessie_knight_metal_msk.png,0.000000)+hue(masks/jessie/jessie_knight_fabric_msk.png,125.581001)+value(masks/jessie/jessie_knight_fabric_msk.png,0.600000)","jessie_knight_tex.pvr+hue(masks/jessie/jessie_knight_plume_msk.png,140.000000)+hue(masks/jessie/jessie_knight_plume_msk.png,0.400000)+saturation(masks/jessie/jessie_knight_gold_msk.png,0.200000)+value(masks/jessie/jessie_knight_gold_msk.png,0.200000)+value(masks/jessie/jessie_knight_metal_msk.png,0.698000)+value(masks/jessie/jessie_knight_fabric_msk.png,0.930000)+hue(masks/jessie/jessie_knight_fabric_msk.png,117.209000)","jessie_knight_tex.pvr+hue(masks/jessie/jessie_knight_plume_msk.png,140.000000)+hue(masks/jessie/jessie_knight_plume_msk.png,0.400000)+saturation(masks/jessie/jessie_knight_gold_msk.png,0.200000)+value(masks/jessie/jessie_knight_gold_msk.png,0.200000)+value(masks/jessie/jessie_knight_metal_msk.png,0.698000)+value(masks/jessie/jessie_knight_fabric_msk.png,0.930000)+hue(masks/jessie/jessie_knight_fabric_msk.png,117.209000)",
"TurretDragonDark","TurretDragonDark",,,,,,,,,,,,,,,"turret_dragon_tex.pvr+hue(masks/jessie/jessie_turrret_dragon_main_msk.png,322.325989)+saturation(masks/jessie/jessie_turrret_dragon_main_msk.png,0.349000)+value(masks/jessie/jessie_turrret_dragon_main_msk.png,0.200000)+hue(masks/jessie/jessie_turrret_dragon_belly_msk.png,330.697998)+saturation(masks/jessie/jessie_turrret_dragon_belly_msk.png,1.395000)+value(masks/jessie/jessie_turrret_dragon_belly_msk.png,0.930000)","turret_dragon_tex.pvr+hue(masks/jessie/jessie_turrret_dragon_main_msk.png,322.325989)+saturation(masks/jessie/jessie_turrret_dragon_main_msk.png,0.349000)+value(masks/jessie/jessie_turrret_dragon_main_msk.png,0.200000)+hue(masks/jessie/jessie_turrret_dragon_belly_msk.png,330.697998)+saturation(masks/jessie/jessie_turrret_dragon_belly_msk.png,1.395000)+value(masks/jessie/jessie_turrret_dragon_belly_msk.png,0.930000)","turret_dragon_tex.pvr+hue(masks/jessie/jessie_turrret_dragon_main_msk.png,351.627991)+saturation(masks/jessie/jessie_turrret_dragon_main_msk.png,1.047000)+value(masks/jessie/jessie_turrret_dragon_main_msk.png,0.814000)","turret_dragon_tex.pvr+hue(masks/jessie/jessie_turrret_dragon_main_msk.png,351.627991)+saturation(masks/jessie/jessie_turrret_dragon_main_msk.png,1.047000)+value(masks/jessie/jessie_turrret_dragon_main_msk.png,0.814000)",
"HammerDudeDJ","HammerDudeDJ",,,,,,,,80,,"TID_FRANK_DJ_SKIN","TID_FRANK_DJ_SKIN_SHOP","MODEL",,,"frank_dj_tex.pvr","frank_dj_tex.pvr","frank_dj_tex.pvr+value(masks/frank/frank_dj_coat_msk.png,0.200000)","frank_dj_tex.pvr+value(masks/frank/frank_dj_coat_msk.png,0.200000)",
"NinjaWolf","NinjaWolf",3,4,4,,,,,150,,"TID_LEON_WEREWOLF_SKIN","TID_LEON_WEREWOLF_SKIN_SHOP","MODEL,VFX,ANIM,SFX",,,"leon_wolf_tex.pvr","leon_wolf_tex.pvr","leon_wolf_tex.pvr","leon_wolf_tex.pvr",
"SpeedyDefault","SpeedyDefault",,,,,,,,,,,,"MODEL",,,"max_tex.pvr","max_tex.pvr","max_tex.pvr","max_tex.pvr",
"LuchadorBrown","LuchadorBrown",4,,3,,,,,150,,"TID_EL_PRIMO_BROWN_SKIN","TID_EL_PRIMO_BROWN_SKIN_SHOP","MODEL,VFX,ANIM",,,"primo_brown_tex.pvr","primo_brown_tex.pvr","primo_brown_tex.pvr","primo_brown_tex.pvr",
"HomerDefault","HomerDefault",,,,,,,,,,,,,,,"spike_tex.pvr","spike_tex.pvr","spike_tex.pvr","spike_tex.pvr",
"TrickshotDudeTotal","TrickshotDudeTotal",,4,4,,,,,,,"TID_RICO_BETA_SKIN","TID_RICO_BETA_SKIN_SHOP","MODEL",,,"rico_og_tex.pvr","rico_og_tex.pvr","rico_og_tex.pvr","rico_og_tex.pvr",
"NinjaSally","NinjaSally",4,,3,,,,,80,,"TID_LEON_SALLY_SKIN","TID_LEON_SALLY_SKIN_SHOP","MODEL,VFX",,,"leon_sally_tex.pvr","leon_sally_tex.pvr","leon_sally_tex.pvr","leon_sally_tex.pvr",
"WhirlwindLeonard","WhirlwindLeonard",4,,3,,,,,80,,"TID_CARL_LEONARD_SKIN","TID_CARL_LEONARD_SKIN_SHOP","MODEL,VFX",,,"carl_leonard_tex.pvr","carl_leonard_tex.pvr","carl_leonard_tex.pvr","carl_leonard_tex.pvr",
"TntDudeSantaRope","TntDudeSantaRope",,,,,,,,,,,,,,,"dynamike_santa_blue_tex.pvr","dynamike_santa_tex.pvr","dynamike_santa_blue_tex.pvr","dynamike_santa_tex.pvr",
"WhirlwindPirate","WhirlwindPirate",1,4,4,,,,,150,,"TID_CARL_CAPTAIN_SKIN","TID_CARL_CAPTAIN_SKIN_SHOP","MODEL,VFX,ANIM",,,"carl_pirate_tex.pvr","carl_pirate_tex.pvr","carl_pirate_tex.pvr","carl_pirate_tex.pvr",
"GunslingerPirate","GunslingerPirate",1,4,4,,,,,150,,"TID_COLT_CORSAIR_SKIN","TID_COLT_CORSAIR_SKIN_SHOP","MODEL,VFX,ANIM",,,"colt_pirate_tex.pvr","colt_pirate_tex.pvr","colt_pirate_tex.pvr","colt_pirate_tex.pvr",
"CtfGift","CtfGift",,,,,,,,,,,,,,,"item_present_blue.pvr","item_present_red.pvr",,,
"SpeedyGT","SpeedyGT",,,,,,,,30,,"TID_MAX_BLUE_SKIN","TID_MAX_BLUE_SKIN_SHOP","MODEL",,,"max_gt_tex.pvr","max_gt_tex.pvr","max_gt_tex.pvr","max_gt_tex.pvr",
"BeeSniperDefaultAddonBee","BeeSniperDefaultAddonBee",,,,,,,,,,,,,,,"bea_tex.pvr","bea_tex.pvr","bea_tex.pvr","bea_tex.pvr",
"BeeSniperLadyBug","BeeSniperLadyBug",,,,,"BeeSniperSlowPotDefault",,,30,,"TID_BEA_LADYBUG_SKIN","TID_BEA_LADYBUG_SKIN_SHOP","MODEL",,,"bea_ladybug_tex.pvr","bea_ladybug_tex.pvr","bea_ladybug_tex.pvr","bea_ladybug_tex.pvr",
"PocoPirate","PocoPirate",1,4,4,,,,,80,,"TID_POCO_PIRATE_SKIN","TID_POCO_PIRATE_SKIN_SHOP","MODEL,VFX",,,"poco_pirate_tex.pvr","poco_pirate_tex.pvr","poco_pirate_tex.pvr","poco_pirate_tex.pvr",
"BeeSniperLadyBugAddonBee","BeeSniperLadyBugAddonBee",,,,,,,,,,,,,,,"bea_ladybug_tex.pvr","bea_ladybug_tex.pvr","bea_ladybug_tex.pvr","bea_ladybug_tex.pvr",
"DrillerDefault","DrillerDefault",,,,,,,,80,,"TID_CARL_RR_SKIN","TID_CARL_RR_SKIN_SHOP","MODEL,VFX",,,"jacky_tex.pvr","jacky_tex.pvr","jacky_tex.pvr","jacky_tex.pvr",
"ArcadeVirus","ArcadeVirus",5,4,4,,"DamageBoosterVirus",,,300,,"TID_8BIT_VIRUS_SKIN","TID_8BIT_VIRUS_SKIN_SHOP","MODEL,VFX,ANIM,VOICE",,,"8bit_virus_tex.pvr","8bit_virus_tex.pvr","8bit_virus_tex.pvr","8bit_virus_tex.pvr",
"DamageBoosterVirus","DamageBoosterVirus",,,,,,,,,,,,,,,"8bit_virus_tex.pvr","8bit_virus_tex.pvr+hue(masks/8bit/8bit_msk.png,138.000000)+saturation(masks/8bit/8bit_msk.png,3.000000)+hue(masks/8bit/8bit_light_msk.png,146.000000)","8bit_virus_tex.pvr","8bit_virus_tex.pvr+hue(masks/8bit/8bit_msk.png,138.000000)+saturation(masks/8bit/8bit_msk.png,3.000000)+hue(masks/8bit/8bit_light_msk.png,146.000000)",
"BlackHoleStreetNinja","BlackHoleStreetNinja",5,4,4,,,,,80,,"TID_TARA_STREET_NINJA_SKIN","TID_TARA_STREET_NINJA_SKIN_SHOP","MODEL,VFX,ANIM",,,"tara_streetninja_tex.pvr","tara_streetninja_tex.pvr","tara_streetninja_tex.pvr","tara_streetninja_tex.pvr",
"BaseballGamer","BaseballGamer",5,4,4,,,,,150,,"TID_BIBI_GAMER_SKIN","TID_BIBI_GAMER_SKIN_SHOP","MODEL,VFX,ANIM",,,"bibi_gamer_tex.pvr","bibi_gamer_tex.pvr","bibi_gamer_tex.pvr","bibi_gamer_tex.pvr",
"SniperValentines","SniperValentines",,,,,,,,150,,"TID_PIPER_CUPID_SKIN","TID_PIPER_CUPID_SKIN_SHOP","MODEL,VFX",,,"piper_valentines_tex.pvr","piper_valentines_tex.pvr","piper_valentines_tex.pvr","piper_valentines_tex.pvr",
"ShamanKoala","ShamanKoala",,,,,"ShamanBearKoala",,,80,,"TID_NITA_KOALA_SKIN","TID_NITA_KOALA_SKIN_SHOP","MODEL",,,"nita_koala_tex.pvr","nita_koala_tex.pvr","nita_koala_tex.pvr","nita_koala_tex.pvr",
"ShamanBearKoala","ShamanBearKoala",,,,,,,,,,,,,,,"nita_koala_bear_tex.pvr","nita_koala_bear_tex.pvr","nita_koala_bear_tex.pvr","nita_koala_bear_tex.pvr",
"SpawnerPetDefault","SpawnerPetDefault",,,,,,,,,,,,,,,"mrp_spawner_tex.pvr","mrp_spawner_tex.pvr","mrp_spawner_tex.pvr","mrp_spawner_tex.pvr",
"SpawnerDudeTurretDefault","SpawnerDudeTurretDefault",,,,,,,,,,,,,,,"mrp_spawner_tex.pvr","mrp_spawner_tex.pvr","mrp_spawner_tex.pvr","mrp_spawner_tex.pvr",
"SpawnerDudeAgentP","SpawnerDudeAgentP",,,,,"SpawnerDudeTurretAgentP","SpawnerPetAgentP",,30,,"TID_MRP_AGENT_SKIN","TID_MRP_AGENT_SKIN_SHOP","MODEL,TURRET",,,"mrp_agentp_tex.pvr","mrp_agentp_tex.pvr","mrp_agentp_tex.pvr","mrp_agentp_tex.pvr",
"SpawnerPetAgentP","SpawnerPetAgentP",,,,,,,,,,,,,,,"mrp_agentp_spawner_tex.pvr","mrp_agentp_spawner_tex.pvr","mrp_agentp_spawner_tex.pvr","mrp_agentp_spawner_tex.pvr",
"SpawnerDudeTurretAgentP","SpawnerDudeTurretAgentP",,,,,,,,,,,,,,,"mrp_agentp_spawner_tex.pvr","mrp_agentp_spawner_tex.pvr","mrp_agentp_spawner_tex.pvr","mrp_agentp_spawner_tex.pvr",
"BlowerDefault","BlowerDefault",,,,,,,,150,,"TID_NITA_REINDEER_SKIN","TID_NITA_REINDEER_SKIN_SHOP","MODEL,PET",,,"gale_tex.pvr","gale_tex.pvr","gale_tex.pvr","gale_tex.pvr",
"ControllerDefault","ControllerDefault",,,,,,,,150,,"TID_MECHANIC_KNIGHT_SKIN","TID_MECHANIC_KNIGHT_SKIN_SHOP","MODEL,TURRET,VFX,ANIM",,,"nani_tex.pvr","nani_tex.pvr","nani_tex.pvr","nani_tex.pvr",
"WallyDefault","WallyDefault",,,,,,,,80,,"TID_POCO_PIRATE_SKIN","TID_POCO_PIRATE_SKIN_SHOP","MODEL,VFX",,,"sprout_tex.pvr","sprout_tex.pvr","sprout_tex.pvr+value(masks/sprout/sprout_glass_msk.png,1.000000)+hue(masks/sprout/sprout_glass_msk.png,347.441986)","sprout_tex.pvr+value(masks/sprout/sprout_glass_msk.png,1.000000)+hue(masks/sprout/sprout_glass_msk.png,347.441986)",
"BarrelBotFootball","BarrelBotFootball",,,,,,,,80,,"TID_MASCOT_DARRYL_SKIN","TID_MASCOT_DARRYL_SKIN_SHOP","MODEL,TEXTURE,ANIM,VFX",,,"darryl_fb_tex.pvr","darryl_fb_tex.pvr","darryl_fb_tex.pvr","darryl_fb_tex.pvr",
"ShotgunGirlFootball","ShotgunGirlFootball",6,,,,,,,80,,"TID_PSG_SHELLY_SKIN","TID_PSG_SHELLY_SKIN_SHOP","MODEL,TEXTURE",,,"shelly_fb_tex.pvr","shelly_fb_tex.pvr","shelly_fb_tex.pvr","shelly_fb_tex.pvr",
"TntDudeFootball","TntDudeFootball",,,,,,,,150,,"TID_COACH_MIKE_SKIN","TID_COACH_MIKE_SKIN_SHOP","MODEL,TEXTURE,ANIM,VFX",,,"dynamike_coach_tex.pvr","dynamike_coach_tex.pvr","dynamike_coach_tex.pvr","dynamike_coach_tex.pvr",
"BallArena","BallArena",,,,,,,,,,,,,,,,,,,
"MechanicTanuki","MechanicTanuki",,,,,"MechanicTurretTanuki",,,150,,"TID_TANUKI_JESSIE_SKIN","TID_TANUKI_JESSIE_SKIN_SHOP","MODEL,TEXTURE,ANIM,VFX",,,"jessie_tanuki_tex.pvr","jessie_tanuki_tex.pvr","jessie_tanuki_tex.pvr","jessie_tanuki_tex.pvr",
"BowDudeHorus","BowDudeHorus",7,,,,"BowDudeTotemDefault",,,150,,"TID_HORUS_BO_SKIN","TID_HORUS_BO_SKIN_SHOP","MODEL,TEXTURE,ANIM,VFX","gedi-kor",,"bo_falcon_tex.pvr","bo_falcon_tex.pvr","bo_falcon_tex.pvr","bo_falcon_tex.pvr",
"BallArenaPSG","BallArenaPSG",,,,,,,,,,,,,,,,,,,
"ArtilleryDudeDarkBunny","ArtilleryDudeDarkBunny",,,,,"ArtilleryTurretDarkBunny",,10000,,,"TID_BLACK_BUNNY_PENNY_SKIN","TID_BLACK_BUNNY_PENNY_SKIN_SHOP","MODEL,TEXTURE",,,"penny_bunnydark_tex.pvr","penny_bunnydark_tex.pvr","penny_bunnydark_tex.pvr","penny_bunnydark_tex.pvr",
"ArtilleryTurretDarkBunny","ArtilleryTurretBunny",,,,,,,,,,,,,,,"penny_bunnydark_tex.pvr","penny_bunnydark_tex.pvr","penny_bunnydark_tex.pvr","penny_bunnydark_tex.pvr",
"MummyCollege","MummyCollege",,,,,,,500,,,"TID_COLLEGE_EMZ_SKIN","TID_COLLEGE_EMZ_SKIN_SHOP","MODEL,TEXTURE",,,"emz_college_tex.pvr","emz_college_tex.pvr","emz_college_tex.pvr","emz_college_tex.pvr",
"BeeSniperSlowPotDefault","BeeSniperSlowPotDefault",,,,,,,,,,,,,,,"bea_gadget_honeypot_tex.pvr","bea_gadget_honeypot_tex.pvr","bea_gadget_honeypot_tex.pvr","bea_gadget_honeypot_tex.pvr",
"MechanicTurretTanuki","MechanicTurretTanuki",,,,,,,,,,,,,,,"turret_jessie_tanuki_tex.pvr","turret_jessie_tanuki_tex.pvr","turret_jessie_tanuki_tex.pvr","turret_jessie_tanuki_tex.pvr",
"BowDudeTotemDefault","BowDudeTotemDefault",,,,,,,,,,,,,,,"bo_gadget_totem_tex.pvr","bo_gadget_totem_tex.pvr","bo_gadget_totem_tex.pvr","bo_gadget_totem_tex.pvr",
"TrickshotDudeBazaar","TrickshotDudeBazaar",,,,,,,,150,,"TID_GUARD_RICO_SKIN","TID_GUARD_RICO_SKIN_SHOP","MODEL,TEXTURE,ANIM,VFX,VOICE",,,"rico_dark.pvr","rico_dark.pvr","rico_dark.pvr","rico_dark.pvr",
"HookDudeBazaar","HookDudeBazaar",,,,,,,,150,,"TID_EVIL_GENE_SKIN","TID_EVIL_GENE_SKIN_SHOP","MODEL,TEXTURE,ANIM,VFX,SFX,VOICE",,,"gene_dark_tex.pvr","gene_dark_tex.pvr","gene_dark_tex.pvr","gene_dark_tex.pvr",
"UndertakerBazaar","UndertakerBazaar",,,,,,,,150,,"TID_ROGUE_MORTIS_SKIN","TID_ROGUE_MORTIS_SKIN_SHOP","MODEL,TEXTURE,ANIM,VFX,VOICE",,,"mortis_dark_tex.pvr","mortis_dark_tex.pvr","mortis_dark_tex.pvr","mortis_dark_tex.pvr",
"MechanicRedDragon","MechanicRedDragon",12,3,3,,"TurretRedDragon",,,,,"TID_RED_DRAGON_JESSIE_SKIN","TID_RED_DRAGON_JESSIE_SKIN_SHOP","MODEL,TEXTURE,PET",,,"jessie_red-dragon_tex.pvr","jessie_red-dragon_tex.pvr","jessie_red-dragon_tex.pvr","jessie_red-dragon_tex.pvr",
"TurretRedDragon","TurretRedDragon",,,,,,,,,,,,,,,"jessie_red-dragon_turret_tex.pvr","jessie_red-dragon_turret_tex.pvr","jessie_red-dragon_turret_tex.pvr","jessie_red-dragon_turret_tex.pvr",
"DrillerConstructor","DrillerConstructor",,,,,,,,30,,"TID_CONSTRUCTOR_JACKY_SKIN","TID_CONSTRUCTOR_JACKY_SKIN_SHOP","MODEL,TEXTURE",,,"jacky_constructor_tex.pvr","jacky_constructor_tex.pvr","jacky_constructor_tex.pvr","jacky_constructor_tex.pvr",
"WallyHawaii","WallyHawaii",,,,,,,,30,,"TID_TROPICAL_SPROUT_SKIN","TID_TROPICAL_SPROUT_SKIN_SHOP","MODEL,TEXTURE",,,"sprout_hawaii_tex.pvr","sprout_hawaii_tex.pvr","sprout_hawaii_tex.pvr+value(masks/sprout/sprout_glass_msk.png,1.000000)+hue(masks/sprout/sprout_glass_msk.png,347.441986)","sprout_hawaii_tex.pvr+value(masks/sprout/sprout_glass_msk.png,1.000000)+hue(masks/sprout/sprout_glass_msk.png,347.441986)",
"BullDudeBarbking","BullDudeBarbking",10,3,3,,,,,,,"TID_BARBARIAN_KING_BULL_SKIN","TID_BARBARIAN_KING_BULL_SKIN_SHOP","MODEL,TEXTURE,ANIM,VFX",,,"bull_barbking_tex.pvr","bull_barbking_tex.pvr","bull_barbking_tex.pvr","bull_barbking_tex.pvr",
"MinigunDudeSummer","MinigunDudeSummer",,,,,"HealingStationSummer",,,80,,"TID_HOLIDAY_PAM_SKIN","TID_HOLIDAY_PAM_SKIN_SHOP","MODEL,TEXTURE,VFX,TURRET",,,,,,,
"BlowerTrader","BlowerTrader",11,3,3,,,,,150,,"TID_MERCHANT_GALE_SKIN","TID_MERCHANT_GALE_SKIN_SHOP","MODEL,TEXTURE,ANIM,VFX",,,"gale_trader_tex.pvr","gale_trader_tex.pvr","gale_trader_tex.pvr","gale_trader_tex.pvr",
"ControllerDefaultAddon","ControllerDefaultAddon",,,,,,,,,,,,,,,"nani_tex.pvr","nani_tex.pvr","nani_tex.pvr","nani_tex.pvr",
"HealingStationSummer","HealingStationSummer",,,,,,,,,,,,,,,"pam_summer_gun_tex.pvr+hue(masks/pam/pam_summer_gun_msk.png,238.604996)","pam_summer_gun_tex.pvr","pam_summer_gun_tex.pvr+hue(masks/pam/pam_summer_gun_msk.png,238.604996)","pam_summer_gun_tex.pvr",
"LuchadorGold","LuchadorGold",14,,,,,,,,25000,"TID_TRUE_GOLD_EL_PRIMO_SKIN","TID_TRUE_GOLD_EL_PRIMO_SKIN_SHOP","MODEL,TEXTURE",,"gold_materials.scw","primo_gold_tex.pvr","primo_gold_tex.pvr","primo_gold_tex.pvr","primo_gold_tex.pvr",
"PowerLevelerDefault","PowerLevelerDefault",,,,,,,,,,,,,,,"surge_tex.pvr","surge_tex.pvr","surge_tex.pvr","surge_tex.pvr",
"MummyGold","MummyGold",14,,,,,,,,25000,"TID_TRUE_GOLD_EMZ_SKIN","TID_TRUE_GOLD_EMZ_SKIN_SHOP","MODEL,TEXTURE",,"gold_materials.scw","emz_gold_tex.pvr","emz_gold_tex.pvr","emz_gold_tex.pvr","emz_gold_tex.pvr",
"MummySilver","MummySilver",13,,,,,,,,10000,"TID_TRUE_SILVER_EMZ_SKIN","TID_TRUE_SILVER_EMZ_SKIN_SHOP","MODEL,TEXTURE",,"silver_materials.scw","emz_silver_tex.pvr","emz_silver_tex.pvr","emz_silver_tex.pvr","emz_silver_tex.pvr",
"LuchadorSilver","LuchadorSilver",13,,,,,,,,10000,"TID_TRUE_SILVER_EL_PRIMO_SKIN","TID_TRUE_SILVER_EL_PRIMO_SKIN_SHOP","MODEL,TEXTURE",,"silver_materials.scw","primo_silver_tex.pvr","primo_silver_tex.pvr","primo_silver_tex.pvr","primo_silver_tex.pvr",
"BeeSniperMonster","BeeSniperMonster",,,,,"BeeSniperSlowPotDefault",,,150,,"TID_MEGA_BEETLE_BEA_SKIN","TID_MEGA_BEETLE_BEA_SKIN_SHOP","MODEL,TEXTURE,ANIM,VFX,VOICE",,,"bea_bug_tex.pvr","bea_bug_tex.pvr","bea_bug_tex.pvr","bea_bug_tex.pvr",
"DrillerMonster","DrillerMonster",,,,,,,,150,,"TID_ULTRA_DRILLER_JACKY_SKIN","TID_ULTRA_DRILLER_JACKY_SKIN_SHOP","MODEL,TEXTURE,ANIM,VFX,VOICE",,,"jacky_driller_tex.pvr","jacky_driller_tex.pvr","jacky_driller_tex.pvr","jacky_driller_tex.pvr",
"ClusterBombMonster","ClusterBombMonster",,,,,"ClusterBombPetMonster",,,80,,"TID_KING_CRAB_TICK_SKIN","TID_KING_CRAB_TICK_SKIN_SHOP","MODEL,TEXTURE,ANIM,VFX",,,"tick_crab_tex.pvr","tick_crab_tex.pvr","tick_crab_tex.pvr","tick_crab_tex.pvr",
"BossKaijuDefault","BossKaijuDefault",,,,,,,,,,,,,,,"kaiju_boss_tex.pvr","kaiju_boss_tex.pvr","kaiju_boss_tex.pvr","kaiju_boss_tex.pvr",
"BeeSniperMonsterAddonBee","BeeSniperMonsterAddonBee",,,,,,,,,,,,,,,"bea_bug_tex.pvr","bea_bug_tex.pvr","bea_bug_tex.pvr","bea_bug_tex.pvr",
"SafeBank","SafeBank",,,,,,,,,,,,,,,,,,,
"ControllerRetro","ControllerRetro",,,,,,,,30,,"TID_RETRO_NANI_SKIN","TID_RETRO_NANI_SKIN_SHOP","MODEL,TEXTURE",,,"nani_retro_tex.pvr","nani_retro_tex.pvr","nani_retro_tex.pvr","nani_retro_tex.pvr",
"ShotgunGirlGold","ShotgunGirlGold",14,,,,,,,,25000,"TID_TRUE_GOLD_SHELLY_SKIN","TID_TRUE_GOLD_SHELLY_SKIN_SHOP","MODEL,TEXTURE",,"gold_materials.scw","shelly_gold_tex.pvr","shelly_gold_tex.pvr","shelly_gold_tex.pvr","shelly_gold_tex.pvr",
"ShotgunGirlSilver","ShotgunGirlSilver",13,,,,,,,,10000,"TID_TRUE_SILVER_SHELLY_SKIN","TID_TRUE_SILVER_SHELLY_SKIN_SHOP","MODEL,TEXTURE",,"silver_materials.scw","shelly_silver_tex.pvr","shelly_silver_tex.pvr","shelly_silver_tex.pvr","shelly_silver_tex.pvr",
"SniperGold","SniperGold",14,,,,,,,,25000,"TID_TRUE_GOLD_PIPER_SKIN","TID_TRUE_GOLD_PIPER_SKIN_SHOP","MODEL,TEXTURE",,"gold_materials.scw","piper_gold_tex.pvr","piper_gold_tex.pvr","piper_gold_tex.pvr","piper_gold_tex.pvr",
"SniperSilver","SniperSilver",13,,,,,,,,10000,"TID_TRUE_SILVER_PIPER_SKIN","TID_TRUE_SILVER_PIPER_SKIN_SHOP","MODEL,TEXTURE",,"silver_materials.scw","piper_silver_tex.pvr","piper_silver_tex.pvr","piper_silver_tex.pvr","piper_silver_tex.pvr",
"NinjaGold","NinjaGold",14,,,,,,,,25000,"TID_TRUE_GOLD_LEON_SKIN","TID_TRUE_GOLD_LEON_SKIN_SHOP","MODEL,TEXTURE",,"gold_materials.scw","leon_gold_tex.pvr","leon_gold_tex.pvr","leon_gold_tex.pvr","leon_gold_tex.pvr",
"NinjaSilver","NinjaSilver",13,,,,,,,,10000,"TID_TRUE_SILVER_LEON_SKIN","TID_TRUE_SILVER_LEON_SKIN_SHOP","MODEL,TEXTURE",,"silver_materials.scw","leon_silver_tex.pvr","leon_silver_tex.pvr","leon_silver_tex.pvr","leon_silver_tex.pvr",
"RocketGirlRanger","RocketGirlRanger",11,3,3,,,,,80,,"TID_SUPER_RANGER_BROCK_SKIN","TID_SUPER_RANGER_BROCK_SKIN_SHOP","MODEL,TEXTURE",,,"brock_ranger_tex.pvr","brock_ranger_tex.pvr","brock_ranger_tex.pvr","brock_ranger_tex.pvr",
"SpeedyTracksuit","SpeedyTracksuit",,,,,,,,80,,"TID_STREETWEAR_MAX_SKIN","TID_STREETWEAR_MAX_SKIN_SHOP","MODEL,TEXTURE",,,"max_tracksuit_tex.pvr","max_tracksuit_tex.pvr","max_tracksuit_tex.pvr","max_tracksuit_tex.pvr",
"PowerLevelerKnight","PowerLevelerKnight",11,3,3,,,,,150,,"TID_MECHA_PALADIN_SURGE_SKIN","TID_MECHA_PALADIN_SURGE_SKIN_SHOP","MODEL,TEXTURE",,,"surge_knight_tex.pvr","surge_knight_tex.pvr","surge_knight_tex.pvr","surge_knight_tex.pvr",
"ClusterBombPetMonster","ClusterBombPetMonster",,,,,,,,,,,,,,,"tick_crab_tex.pvr","tick_crab_tex.pvr","tick_crab_tex.pvr","tick_crab_tex.pvr",
"ControllerRetroAddon","ControllerRetroAddon",,,,,,,,,,,,,,,"nani_retro_tex.pvr","nani_retro_tex.pvr","nani_retro_tex.pvr","nani_retro_tex.pvr",
"PercenterDefault","PercenterDefault",,,,,"MechanicTurretTanuki",,,,,,,"MODEL,TEXTURE,ANIM,VFX",,,"colette_tex.pvr","colette_tex.pvr","colette_tex.pvr","colette_tex.pvr",
"FireDudeDefault","FireDudeDefault",,,,,,,,,,,,,,,"amber_tex.pvr","amber_tex.pvr","amber_tex.pvr","amber_tex.pvr",
"CactusMask","CactusMask",,,,,,,,30,,"TID_MASK_SPIKE_SKIN","TID_MASK_SPIKE_SKIN_SHOP","MODEL,TEXTURE",,,,,,,
"MummyGiftShop","MummyGiftShop",,,,,,,,150,,"TID_SUPER_FAN_EMZ_SKIN","TID_SUPER_FAN_EMZ_SKIN_SHOP","MODEL,TEXTURE,ANIM,VFX",,,"emz_giftshop_tex.pvr","emz_giftshop_tex.pvr","emz_giftshop_tex.pvr","emz_giftshop_tex.pvr",
"SandstormGiftShop","SandstormGiftShop",,,,,,,,80,,"TID_SUGAR_RUSH_SANDY_SKIN","TID_SUGAR_RUSH_SANDY_SKIN_SHOP","MODEL,TEXTURE,ANIM,VFX",,,"sandy_sugar_addict_tex.pvr","sandy_sugar_addict_tex.pvr","sandy_sugar_addict_tex.pvr","sandy_sugar_addict_tex.pvr",
"WallyMoon","WallyMoon",,,,,,,,150,,"TID_LUNAR_SPROUT_SKIN","TID_LUNAR_SPROUT_SKIN_SHOP","MODEL,TEXTURE,ANIM,VFX",,,"sprout_moon_tex.pvr","sprout_moon_tex.pvr","sprout_moon_tex.pvr","sprout_moon_tex.pvr",
"PercenterTrixie","PercenterTrixie",11,3,3,,"MechanicTurretTanuki",,,150,,"TID_TRIXIE_COLETTE_SKIN","TID_TRIXIE_COLETTE_SKIN_SHOP","MODEL,TEXTURE,ANIM,VFX",,,"colette_trixie_tex.pvr","colette_trixie_tex.pvr","colette_trixie_tex.pvr","colette_trixie_tex.pvr",
"LuchadorAtomic","LuchadorAtomic",,,,,,,10000,,,"TID_EL_ATOMICO_SKIN","TID_EL_ATOMICO_SKIN_SHOP","MODEL,TEXTURE",,,"primo_atomico_tex.pvr","primo_atomico_tex.pvr","primo_atomico_tex.pvr","primo_atomico_tex.pvr+hue(masks/primo/primo_atomico_msk.png,339.070007)",
"PocoStarr","PocoStarr",11,3,3,,,,,80,,"TID_POCO_STARR_SKIN","TID_POCO_STARR_SKIN_SHOP","MODEL,VFX",,,"poco_starr_tex.pvr","poco_starr_tex.pvr","poco_starr_tex.pvr","poco_starr_tex.pvr",
"RosaRosaBrawloween","RosaRosaBrawloween",3,3,3,,,,,80,,"TID_BRAWLOWEEN_ROSA_SKIN","TID_BRAWLOWEEN_ROSA_SKIN_SHOP","MODEL,TEXTURE,VFX",,,,,,,
"BowDudeDemonic","BowDudeDemonic",7,3,3,,"BowDudeTotemDefault",,,150,,"TID_UNDERWORLD_BO_SKIN","TID_UNDERWORLD_BO_SKIN_SHOP","MODEL,TEXTURE,ANIM,VFX","Beats",,"bo_demonic_tex.pvr","bo_demonic_tex.pvr","bo_demonic_tex.pvr","bo_demonic_tex.pvr",
"GunslingerPlayer","GunslingerPlayer",15,3,3,,,,,150,,"TID_CHALLENGER_COLT_SKIN","TID_CHALLENGER_COLT_SKIN_SHOP","MODEL,TEXTURE,ANIM,VFX",,,"colt_player_tex.pvr","colt_player_tex.pvr","colt_player_tex.pvr","colt_player_tex.pvr",
"BullDudeGold","BullDudeGold",14,,,,,,,,25000,"TID_TRUE_GOLD_BULL_SKIN","TID_TRUE_GOLD_BULL_SKIN_SHOP","MODEL,TEXTURE",,"gold_materials.scw","bull_gold_tex.pvr","bull_gold_tex.pvr","bull_gold_tex.pvr","bull_gold_tex.pvr",
"BullDudeSilver","BullDudeSilver",13,,,,,,,,10000,"TID_TRUE_SILVER_BULL_SKIN","TID_TRUE_SILVER_BULL_SKIN_SHOP","MODEL,TEXTURE",,"silver_materials.scw","bull_silver_tex.pvr","bull_silver_tex.pvr","bull_silver_tex.pvr","bull_silver_tex.pvr",
"BarkeepTrueGold","BarkeepTrueGold",14,,,,,,,,25000,"TID_TRUE_GOLD_BARLEY_SKIN","TID_TRUE_GOLD_BARLEY_SKIN_SHOP","MODEL,TEXTURE",,"gold_materials.scw","barley_gold_tex.pvr","barley_gold_tex.pvr","barley_gold_tex.pvr","barley_gold_tex.pvr",
"BarkeepTrueSilver","BarkeepTrueSilver",13,,,,,,,,10000,"TID_TRUE_SILVER_BARLEY_SKIN","TID_TRUE_SILVER_BARLEY_SKIN_SHOP","MODEL,TEXTURE",,"silver_materials.scw","barley_silver_tex.pvr","barley_silver_tex.pvr","barley_silver_tex.pvr","barley_silver_tex.pvr",
"BaseballZombibi","BaseballZombibi",7,3,3,,,,,80,,"TID_ZOMBIBI_SKIN","TID_ZOMBIBI_SKIN_SHOP","MODEL,TEXTURE,VFX","Kent2D",,"bibi_zombibi_tex.pvr","bibi_zombibi_tex.pvr","bibi_zombibi_tex.pvr","bibi_zombibi_tex.pvr",
"TrickshotDudeTrueGold","TrickshotDudeTrueGold",14,,,,,,,,25000,"TID_TRUE_GOLD_RICO_SKIN","TID_TRUE_GOLD_RICO_SKIN_SHOP","MODEL,TEXTURE",,"gold_materials.scw","rico_truegold_tex.pvr","rico_truegold_tex.pvr","rico_truegold_tex.pvr","rico_truegold_tex.pvr",
"TrickshotDudeSilver","TrickshotDudeSilver",13,,,,,,,,10000,"TID_TRUE_SILVER_RICO_SKIN","TID_TRUE_SILVER_RICO_SKIN_SHOP","MODEL,TEXTURE",,"silver_materials.scw","rico_silver_tex.pvr","rico_silver_tex.pvr","rico_silver_tex.pvr","rico_silver_tex.pvr",
"HammerDudeGold","HammerDudeGold",14,,,,,,,,25000,"TID_TRUE_GOLD_FRANK_SKIN","TID_TRUE_GOLD_FRANK_SKIN_SHOP","MODEL,TEXTURE",,"gold_materials.scw","frank_gold_tex.pvr","frank_gold_tex.pvr","frank_gold_tex.pvr","frank_gold_tex.pvr",
"HammerDudeSilver","HammerDudeSilver",13,,,,,,,,10000,"TID_TRUE_SILVER_FRANK_SKIN","TID_TRUE_SILVER_FRANK_SKIN_SHOP","MODEL,TEXTURE",,"silver_materials.scw","frank_silver_tex.pvr","frank_silver_tex.pvr","frank_silver_tex.pvr","frank_silver_tex.pvr",
"UndertakerHatGold","UndertakerHatGold",14,,,,,,,,25000,"TID_TRUE_GOLD_MORTIS_SKIN","TID_TRUE_GOLD_MORTIS_SKIN_SHOP","MODEL,TEXTURE",,"gold_materials.scw","mortis_gold_tex.pvr","mortis_gold_tex.pvr","mortis_gold_tex.pvr","mortis_gold_tex.pvr",
"UndertakerGold","UndertakerGold",14,6,6,"UndertakerHatGold",,,,,,"TID_TRUE_GOLD_MORTIS_SKIN","TID_TRUE_GOLD_MORTIS_SKIN_SHOP","MODEL,TEXTURE",,"gold_materials.scw","mortis_gold_tex.pvr","mortis_gold_tex.pvr","mortis_gold_tex.pvr","mortis_gold_tex.pvr",
"UndertakerHatSilver","UndertakerHatSilver",13,,,,,,,,10000,"TID_TRUE_SILVER_MORTIS_SKIN","TID_TRUE_SILVER_MORTIS_SKIN_SHOP","MODEL,TEXTURE",,"silver_materials.scw","mortis_silver_tex.pvr","mortis_silver_tex.pvr","mortis_silver_tex.pvr","mortis_silver_tex.pvr",
"UndertakerSilver","UndertakerSilver",13,6,6,"UndertakerHatSilver",,,,,,"TID_TRUE_SILVER_MORTIS_SKIN","TID_TRUE_SILVER_MORTIS_SKIN_SHOP","MODEL,TEXTURE",,"silver_materials.scw","mortis_silver_tex.pvr","mortis_silver_tex.pvr","mortis_silver_tex.pvr","mortis_silver_tex.pvr",
