
[
     {
         "ID": 33,
         "Status": 3,
         "Ended": false,
         "Modifier": 0,
         "Timer": 86400
     },

     {
         "ID": 14,
         "Status": 3,
         "Ended": false,
         "Modifier": 4,
         "Timer": 86400
     },

     {
         "ID": 41,
         "Status": 3,
         "Ended": false,
         "Modifier": 0,
         "Timer": 86400
     },

     {
         "ID": 31,
         "Status": 3,
         "Ended": false,
         "Modifier": 0,
         "Timer": 86400
     },

     {
         "ID": 128,
         "Status": 3,
         "Ended": false,
         "Modifier": 2,
         "Timer": 86400
     },

     {
         "ID": 177,
         "Status": 3,
         "Ended": false,
         "Modifier": 0,
         "Timer": 86400
     },
     {
         "ID": 60,
         "Status": 3,
         "Ended": false,
         "Modifier": 0,
         "Timer": 86400
     },
     {
         "ID": 53,
         "Status": 3,
         "Ended": false,
         "Modifier": 0,
         "Timer": 86400
     },
     {
         "ID": 82,
         "Status": 3,
         "Ended": false,
         "Modifier": 0,
         "Timer": 86400
     },
     {
         "ID": 40,
         "Status": 3,
         "Ended": false,
         "Modifier": 0,
         "Timer": 86400
     },
     {
         "ID": 39,
         "Status": 3,
         "Ended": false,
         "Modifier": 0,
         "Timer": 86400
     },
     
     
     {
            "ID" : 172,
            "Status": 2,
            "Ended": false,
            "Modifier": 1,
           "Timer": 10
        },
        {
            "ID" : 100,
            "Status": 2,
            "Ended": false,
            "Modifier": 0,
           "Timer": 10
        }
]