
{
   "GoldPacks":[
      {
         "Cost":20,
         "Amount":150
      },
      {
         "Cost":50,
         "Amount":400
      },
      {
         "Cost":140,
         "Amount":1200
      },
      {
         "Cost":280,
         "Amount":2600
      }
   ],
   "Boxes":[
      {
         "Cost":30,
         "Multiplier":3
      },
      {
         "Cost":80,
         "Multiplier":10
      }
   ],
   "TokenDoubler":[
      {
         "Cost":50,
         "Amount":1000
      }
   ],
   
   "to set up the logic of the store, go to LogicPuchargeOffer" : [],

   "Offers": [
      {
         "OfferID": 1,
         "OfferID2": 0,
         "OfferID3": 0,
         
         "DataReference": [0,0],
         "DataReference2": [0, 0],
         "DataReference3": [0, 0],
         
         "Skin": 0,
         "Skin2": 0,
         "Skin3": 0,
         
         "Multiplier": 100,
         "Multiplier2": 0,
         "Multiplier3": 0,
         
         "OldCost": 0,
         "BGR": "offer_moon_festival",
         "ETType": 1,
         "ETMultiplier": 0,
         "ShopType": 0,
         "ShopDisplay": 0,
         "Cost": 1,
         "Timer": 3600,
         "OfferText": "",
         "Claimed": false,
         "FullAkk": "",
         "ID": 6
      },
      
      {
         "OfferID": 4,
         "OfferID2": 19,
         "OfferID3": 0,
         
         "DataReference": [16, 24],
         "DataReference2": [0, 0],
         "DataReference3": [0, 0],
         
         "Skin": 215,
         "Skin2": 336,
         "Skin3": 0,
         
         "Multiplier": 1,
         "Multiplier2": 1,
         "Multiplier3": 0,
         
         "OldCost": 0,
         "BGR": "offer_wf",
         "ETType": 1,
         "ETMultiplier": 0,
         "ShopType": 0,
         "ShopDisplay": 0,
         "Cost": 0,
         "Timer": 3600,
         "OfferText": "",
         "Claimed": false,
         "FullAkk": "",
         "ID": 7
      },
      
      {
         "OfferID": 3,
         "OfferID2": 4,
         "OfferID3": 0,
         
         "DataReference": [16, 1],
         "DataReference2": [16, 1],
         "DataReference3": [0, 0],
         
         "Skin": 0,
         "Skin2": 217,
         "Skin3": 0,
         
         "Multiplier": 1,
         "Multiplier2": 1,
         "Multiplier3": 0,
         
         "OldCost": 899,
         "BGR": "",
         "ETType": 2,
         "ETMultiplier": 100,
         "ShopType": 0,
         "ShopDisplay": 0,
         "Cost": 89,
         "Timer": 3600,
         "OfferText": "",
         "Claimed": false,
         "FullAkk": "",
         "ID": 4
      }
   ]
}
